bangla,chatgaya
আসসালামু আলাইকুম ম্যাম,আসসালামু আলাইকুম ম্যাম
আসসালামু আলাইকুম ভাই,আসসালামু আলাইকুম বদ্দা
নমস্কার ম্যাম,নমস্কার ম্যাম
নমস্কার স্যার,নমস্কার স্যার
কেমন আছেন?,কেন আছন?
"নমস্কার ম্যাম, কেমন আছেন?","নমস্কার ম্যাম, কেন আছন?"
হ্যালো মুঈন,হ্যালো মুঈন
তুমি কেমন আছো?,তুঁই কেন আছো?
"আসসালামু আলাইকুম ম্যাম, আপনি কেমন আছেন?","আসসালামু আলাইকুম ম্যাম, অঁনে কেন আছন?"
"বড়ো ভাই, কি অবস্থা আপনার?","বদ্দা, কি অবস্থা অঁনোর?"
,
,
,
,
,
,
,
,
,
,
,
,
,
,
,
,
,
,
,
,
,
,
,
,
,
,
,
,
,
,
,
,
,
,
,
,
,
,
,
